S,K,T,r,sigma,moneyness,market_price,optionType,moneyness_category,expirationDate
284.67999267578125,272.5,0.0273972602739726,0.03732000112533569,0.2742176104409445,1.044697220828555,14.7,call,ATM,2025-12-05
284.67999267578125,275.0,0.0273972602739726,0.03732000112533569,0.2742176104409445,1.0351999733664772,13.3,call,ATM,2025-12-05
284.67999267578125,277.5,0.0273972602739726,0.03732000112533569,0.2742176104409445,1.0258738474802929,11.65,call,ATM,2025-12-05
284.67999267578125,280.0,0.0273972602739726,0.03732000112533569,0.2742176104409445,1.0167142595563616,10.0,call,ATM,2025-12-05
284.67999267578125,282.5,0.0273972602739726,0.03732000112533569,0.2742176104409445,1.007716788232854,8.27,call,ATM,2025-12-05
284.67999267578125,285.0,0.0273972602739726,0.03732000112533569,0.2742176104409445,0.998877167283443,6.76,call,ATM,2025-12-05
284.67999267578125,287.5,0.0273972602739726,0.03732000112533569,0.2742176104409445,0.9901912788722826,5.34,call,ATM,2025-12-05
284.67999267578125,290.0,0.0273972602739726,0.03732000112533569,0.2742176104409445,0.9816551471578664,4.3,call,ATM,2025-12-05
284.67999267578125,292.5,0.0273972602739726,0.03732000112533569,0.2742176104409445,0.9732649322248932,3.6,call,ATM,2025-12-05
284.67999267578125,295.0,0.0273972602739726,0.03732000112533569,0.2742176104409445,0.9650169243246822,2.7,call,ATM,2025-12-05
284.67999267578125,297.5,0.0273972602739726,0.03732000112533569,0.2742176104409445,0.9569075384059874,2.08,call,ATM,2025-12-05
284.67999267578125,300.0,0.0273972602739726,0.03732000112533569,0.2742176104409445,0.9489333089192709,1.44,call,OTM,2025-12-05
284.67999267578125,302.5,0.0273972602739726,0.03732000112533569,0.2742176104409445,0.9410908848786157,0.8,call,OTM,2025-12-05
284.67999267578125,305.0,0.0273972602739726,0.03732000112533569,0.2742176104409445,0.9333770251664959,0.78,call,OTM,2025-12-05
284.67999267578125,307.5,0.0273972602739726,0.03732000112533569,0.2742176104409445,0.9257885940675813,0.37,call,OTM,2025-12-05
284.67999267578125,310.0,0.0273972602739726,0.03732000112533569,0.2742176104409445,0.9183225570186492,0.37,call,OTM,2025-12-05
284.67999267578125,315.0,0.0273972602739726,0.03732000112533569,0.2742176104409445,0.9037460084945437,0.18,call,OTM,2025-12-05
284.67999267578125,320.0,0.0273972602739726,0.03732000112533569,0.2742176104409445,0.8896249771118164,0.06,call,OTM,2025-12-05
284.67999267578125,195.0,0.0273972602739726,0.03732000112533569,0.2742176104409445,1.4598973983373398,0.08,put,ITM,2025-12-05
284.67999267578125,225.0,0.0273972602739726,0.03732000112533569,0.2742176104409445,1.2652444118923611,0.14,put,ITM,2025-12-05
284.67999267578125,230.0,0.0273972602739726,0.03732000112533569,0.2742176104409445,1.2377390985903534,0.18,put,ITM,2025-12-05
284.67999267578125,240.0,0.0273972602739726,0.03732000112533569,0.2742176104409445,1.1861666361490886,0.29,put,ITM,2025-12-05
284.67999267578125,245.0,0.0273972602739726,0.03732000112533569,0.2742176104409445,1.161959153778699,0.32,put,ITM,2025-12-05
284.67999267578125,247.5,0.0273972602739726,0.03732000112533569,0.2742176104409445,1.1502221926294192,0.44,put,ITM,2025-12-05
284.67999267578125,250.0,0.0273972602739726,0.03732000112533569,0.2742176104409445,1.138719970703125,0.51,put,ITM,2025-12-05
284.67999267578125,255.0,0.0273972602739726,0.03732000112533569,0.2742176104409445,1.1163921281403186,0.7,put,ITM,2025-12-05
284.67999267578125,257.5,0.0273972602739726,0.03732000112533569,0.2742176104409445,1.1055533696146844,0.63,put,ITM,2025-12-05
284.67999267578125,260.0,0.0273972602739726,0.03732000112533569,0.2742176104409445,1.0949230487530048,0.88,put,ITM,2025-12-05
284.67999267578125,262.5,0.0273972602739726,0.03732000112533569,0.2742176104409445,1.0844952101934524,1.23,put,ITM,2025-12-05
284.67999267578125,265.0,0.0273972602739726,0.03732000112533569,0.2742176104409445,1.074264123304835,1.35,put,ITM,2025-12-05
284.67999267578125,267.5,0.0273972602739726,0.03732000112533569,0.2742176104409445,1.0642242716851635,1.57,put,ITM,2025-12-05
284.67999267578125,270.0,0.0273972602739726,0.03732000112533569,0.2742176104409445,1.0543703432436342,2.01,put,ITM,2025-12-05
284.67999267578125,272.5,0.0273972602739726,0.03732000112533569,0.2742176104409445,1.044697220828555,2.29,put,ATM,2025-12-05
284.67999267578125,275.0,0.0273972602739726,0.03732000112533569,0.2742176104409445,1.0351999733664772,2.88,put,ATM,2025-12-05
284.67999267578125,277.5,0.0273972602739726,0.03732000112533569,0.2742176104409445,1.0258738474802929,3.67,put,ATM,2025-12-05
284.67999267578125,280.0,0.0273972602739726,0.03732000112533569,0.2742176104409445,1.0167142595563616,4.34,put,ATM,2025-12-05
284.67999267578125,282.5,0.0273972602739726,0.03732000112533569,0.2742176104409445,1.007716788232854,5.37,put,ATM,2025-12-05
284.67999267578125,285.0,0.0273972602739726,0.03732000112533569,0.2742176104409445,0.998877167283443,6.8,put,ATM,2025-12-05
284.67999267578125,287.5,0.0273972602739726,0.03732000112533569,0.2742176104409445,0.9901912788722826,7.35,put,ATM,2025-12-05
284.67999267578125,290.0,0.0273972602739726,0.03732000112533569,0.2742176104409445,0.9816551471578664,9.0,put,ATM,2025-12-05
284.67999267578125,297.5,0.0273972602739726,0.03732000112533569,0.2742176104409445,0.9569075384059874,17.32,put,ATM,2025-12-05
284.67999267578125,275.0,0.04657534246575343,0.03732000112533569,0.2742176104409445,1.0351999733664772,13.6,call,ATM,2025-12-12
284.67999267578125,277.5,0.04657534246575343,0.03732000112533569,0.2742176104409445,1.0258738474802929,13.4,call,ATM,2025-12-12
284.67999267578125,280.0,0.04657534246575343,0.03732000112533569,0.2742176104409445,1.0167142595563616,12.21,call,ATM,2025-12-12
284.67999267578125,282.5,0.04657534246575343,0.03732000112533569,0.2742176104409445,1.007716788232854,8.9,call,ATM,2025-12-12
284.67999267578125,285.0,0.04657534246575343,0.03732000112533569,0.2742176104409445,0.998877167283443,9.3,call,ATM,2025-12-12
284.67999267578125,290.0,0.04657534246575343,0.03732000112533569,0.2742176104409445,0.9816551471578664,6.81,call,ATM,2025-12-12
284.67999267578125,295.0,0.04657534246575343,0.03732000112533569,0.2742176104409445,0.9650169243246822,4.79,call,ATM,2025-12-12
284.67999267578125,300.0,0.04657534246575343,0.03732000112533569,0.2742176104409445,0.9489333089192709,3.2,call,OTM,2025-12-12
284.67999267578125,305.0,0.04657534246575343,0.03732000112533569,0.2742176104409445,0.9333770251664959,2.33,call,OTM,2025-12-12
284.67999267578125,310.0,0.04657534246575343,0.03732000112533569,0.2742176104409445,0.9183225570186492,1.55,call,OTM,2025-12-12
284.67999267578125,325.0,0.04657534246575343,0.03732000112533569,0.2742176104409445,0.8759384390024039,0.23,call,OTM,2025-12-12
284.67999267578125,330.0,0.04657534246575343,0.03732000112533569,0.2742176104409445,0.8626666444720644,0.27,call,OTM,2025-12-12
284.67999267578125,205.0,0.04657534246575343,0.03732000112533569,0.2742176104409445,1.388682891101372,0.15,put,ITM,2025-12-12
284.67999267578125,210.0,0.04657534246575343,0.03732000112533569,0.2742176104409445,1.3556190127418155,0.3,put,ITM,2025-12-12
284.67999267578125,250.0,0.04657534246575343,0.03732000112533569,0.2742176104409445,1.138719970703125,1.15,put,ITM,2025-12-12
284.67999267578125,255.0,0.04657534246575343,0.03732000112533569,0.2742176104409445,1.1163921281403186,1.6,put,ITM,2025-12-12
284.67999267578125,257.5,0.04657534246575343,0.03732000112533569,0.2742176104409445,1.1055533696146844,1.77,put,ITM,2025-12-12
284.67999267578125,260.0,0.04657534246575343,0.03732000112533569,0.2742176104409445,1.0949230487530048,2.05,put,ITM,2025-12-12
284.67999267578125,265.0,0.04657534246575343,0.03732000112533569,0.2742176104409445,1.074264123304835,2.89,put,ITM,2025-12-12
284.67999267578125,270.0,0.04657534246575343,0.03732000112533569,0.2742176104409445,1.0543703432436342,3.65,put,ITM,2025-12-12
284.67999267578125,272.5,0.04657534246575343,0.03732000112533569,0.2742176104409445,1.044697220828555,7.98,put,ATM,2025-12-12
284.67999267578125,275.0,0.04657534246575343,0.03732000112533569,0.2742176104409445,1.0351999733664772,5.25,put,ATM,2025-12-12
284.67999267578125,280.0,0.04657534246575343,0.03732000112533569,0.2742176104409445,1.0167142595563616,7.3,put,ATM,2025-12-12
284.67999267578125,285.0,0.04657534246575343,0.03732000112533569,0.2742176104409445,0.998877167283443,9.26,put,ATM,2025-12-12
284.67999267578125,287.5,0.04657534246575343,0.03732000112533569,0.2742176104409445,0.9901912788722826,12.45,put,ATM,2025-12-12
284.67999267578125,290.0,0.04657534246575343,0.03732000112533569,0.2742176104409445,0.9816551471578664,13.35,put,ATM,2025-12-12
284.67999267578125,115.0,0.06575342465753424,0.03732000112533569,0.2742176104409445,2.4754781971807067,183.29,call,ITM,2025-12-19
284.67999267578125,195.0,0.06575342465753424,0.03732000112533569,0.2742176104409445,1.4598973983373398,83.0,call,ITM,2025-12-19
284.67999267578125,210.0,0.06575342465753424,0.03732000112533569,0.2742176104409445,1.3556190127418155,67.25,call,ITM,2025-12-19
284.67999267578125,220.0,0.06575342465753424,0.03732000112533569,0.2742176104409445,1.2939999667080966,62.88,call,ITM,2025-12-19
284.67999267578125,240.0,0.06575342465753424,0.03732000112533569,0.2742176104409445,1.1861666361490886,46.3,call,ITM,2025-12-19
284.67999267578125,260.0,0.06575342465753424,0.03732000112533569,0.2742176104409445,1.0949230487530048,24.82,call,ITM,2025-12-19
284.67999267578125,270.0,0.06575342465753424,0.03732000112533569,0.2742176104409445,1.0543703432436342,20.47,call,ITM,2025-12-19
284.67999267578125,275.0,0.06575342465753424,0.03732000112533569,0.2742176104409445,1.0351999733664772,14.41,call,ATM,2025-12-19
284.67999267578125,277.5,0.06575342465753424,0.03732000112533569,0.2742176104409445,1.0258738474802929,14.0,call,ATM,2025-12-19
284.67999267578125,280.0,0.06575342465753424,0.03732000112533569,0.2742176104409445,1.0167142595563616,13.85,call,ATM,2025-12-19
284.67999267578125,282.5,0.06575342465753424,0.03732000112533569,0.2742176104409445,1.007716788232854,12.0,call,ATM,2025-12-19
284.67999267578125,285.0,0.06575342465753424,0.03732000112533569,0.2742176104409445,0.998877167283443,10.97,call,ATM,2025-12-19
284.67999267578125,290.0,0.06575342465753424,0.03732000112533569,0.2742176104409445,0.9816551471578664,8.75,call,ATM,2025-12-19
284.67999267578125,295.0,0.06575342465753424,0.03732000112533569,0.2742176104409445,0.9650169243246822,6.71,call,ATM,2025-12-19
284.67999267578125,300.0,0.06575342465753424,0.03732000112533569,0.2742176104409445,0.9489333089192709,5.15,call,OTM,2025-12-19
284.67999267578125,305.0,0.06575342465753424,0.03732000112533569,0.2742176104409445,0.9333770251664959,3.4,call,OTM,2025-12-19
284.67999267578125,310.0,0.06575342465753424,0.03732000112533569,0.2742176104409445,0.9183225570186492,2.59,call,OTM,2025-12-19
284.67999267578125,315.0,0.06575342465753424,0.03732000112533569,0.2742176104409445,0.9037460084945437,1.87,call,OTM,2025-12-19
284.67999267578125,320.0,0.06575342465753424,0.03732000112533569,0.2742176104409445,0.8896249771118164,1.5,call,OTM,2025-12-19
284.67999267578125,325.0,0.06575342465753424,0.03732000112533569,0.2742176104409445,0.8759384390024039,1.05,call,OTM,2025-12-19
284.67999267578125,330.0,0.06575342465753424,0.03732000112533569,0.2742176104409445,0.8626666444720644,0.64,call,OTM,2025-12-19
284.67999267578125,340.0,0.06575342465753424,0.03732000112533569,0.2742176104409445,0.837294096105239,0.39,call,OTM,2025-12-19
284.67999267578125,350.0,0.06575342465753424,0.03732000112533569,0.2742176104409445,0.8133714076450893,0.2,call,OTM,2025-12-19
284.67999267578125,360.0,0.06575342465753424,0.03732000112533569,0.2742176104409445,0.7907777574327257,0.11,call,OTM,2025-12-19
284.67999267578125,400.0,0.06575342465753424,0.03732000112533569,0.2742176104409445,0.7116999816894531,0.01,call,OTM,2025-12-19
284.67999267578125,105.0,0.06575342465753424,0.03732000112533569,0.2742176104409445,2.711238025483631,0.1,put,ITM,2025-12-19
284.67999267578125,160.0,0.06575342465753424,0.03732000112533569,0.2742176104409445,1.7792499542236329,0.08,put,ITM,2025-12-19
284.67999267578125,175.0,0.06575342465753424,0.03732000112533569,0.2742176104409445,1.6267428152901786,0.1,put,ITM,2025-12-19
284.67999267578125,185.0,0.06575342465753424,0.03732000112533569,0.2742176104409445,1.5388107712204393,0.15,put,ITM,2025-12-19
284.67999267578125,200.0,0.06575342465753424,0.03732000112533569,0.2742176104409445,1.4233999633789063,0.27,put,ITM,2025-12-19
284.67999267578125,220.0,0.06575342465753424,0.03732000112533569,0.2742176104409445,1.2939999667080966,0.53,put,ITM,2025-12-19
284.67999267578125,225.0,0.06575342465753424,0.03732000112533569,0.2742176104409445,1.2652444118923611,0.56,put,ITM,2025-12-19
284.67999267578125,230.0,0.06575342465753424,0.03732000112533569,0.2742176104409445,1.2377390985903534,0.7,put,ITM,2025-12-19
284.67999267578125,235.0,0.06575342465753424,0.03732000112533569,0.2742176104409445,1.2114042241522607,0.88,put,ITM,2025-12-19
284.67999267578125,240.0,0.06575342465753424,0.03732000112533569,0.2742176104409445,1.1861666361490886,1.05,put,ITM,2025-12-19
284.67999267578125,245.0,0.06575342465753424,0.03732000112533569,0.2742176104409445,1.161959153778699,1.45,put,ITM,2025-12-19
284.67999267578125,247.5,0.06575342465753424,0.03732000112533569,0.2742176104409445,1.1502221926294192,1.59,put,ITM,2025-12-19
284.67999267578125,250.0,0.06575342465753424,0.03732000112533569,0.2742176104409445,1.138719970703125,1.67,put,ITM,2025-12-19
284.67999267578125,252.5,0.06575342465753424,0.03732000112533569,0.2742176104409445,1.1274455155476486,1.97,put,ITM,2025-12-19
284.67999267578125,255.0,0.06575342465753424,0.03732000112533569,0.2742176104409445,1.1163921281403186,2.34,put,ITM,2025-12-19
284.67999267578125,257.5,0.06575342465753424,0.03732000112533569,0.2742176104409445,1.1055533696146844,2.58,put,ITM,2025-12-19
284.67999267578125,260.0,0.06575342465753424,0.03732000112533569,0.2742176104409445,1.0949230487530048,3.04,put,ITM,2025-12-19
284.67999267578125,262.5,0.06575342465753424,0.03732000112533569,0.2742176104409445,1.0844952101934524,3.55,put,ITM,2025-12-19
284.67999267578125,265.0,0.06575342465753424,0.03732000112533569,0.2742176104409445,1.074264123304835,3.85,put,ITM,2025-12-19
284.67999267578125,267.5,0.06575342465753424,0.03732000112533569,0.2742176104409445,1.0642242716851635,4.64,put,ITM,2025-12-19
284.67999267578125,270.0,0.06575342465753424,0.03732000112533569,0.2742176104409445,1.0543703432436342,5.0,put,ITM,2025-12-19
284.67999267578125,272.5,0.06575342465753424,0.03732000112533569,0.2742176104409445,1.044697220828555,6.34,put,ATM,2025-12-19
284.67999267578125,275.0,0.06575342465753424,0.03732000112533569,0.2742176104409445,1.0351999733664772,6.53,put,ATM,2025-12-19
284.67999267578125,280.0,0.06575342465753424,0.03732000112533569,0.2742176104409445,1.0167142595563616,8.5,put,ATM,2025-12-19
284.67999267578125,250.0,0.08493150684931507,0.03732000112533569,0.2742176104409445,1.138719970703125,28.87,call,ITM,2025-12-26
284.67999267578125,280.0,0.08493150684931507,0.03732000112533569,0.2742176104409445,1.0167142595563616,15.0,call,ATM,2025-12-26
284.67999267578125,285.0,0.08493150684931507,0.03732000112533569,0.2742176104409445,0.998877167283443,12.1,call,ATM,2025-12-26
284.67999267578125,290.0,0.08493150684931507,0.03732000112533569,0.2742176104409445,0.9816551471578664,9.98,call,ATM,2025-12-26
284.67999267578125,300.0,0.08493150684931507,0.03732000112533569,0.2742176104409445,0.9489333089192709,6.2,call,OTM,2025-12-26
284.67999267578125,310.0,0.08493150684931507,0.03732000112533569,0.2742176104409445,0.9183225570186492,2.9,call,OTM,2025-12-26
284.67999267578125,320.0,0.08493150684931507,0.03732000112533569,0.2742176104409445,0.8896249771118164,2.0,call,OTM,2025-12-26
284.67999267578125,380.0,0.08493150684931507,0.03732000112533569,0.2742176104409445,0.7491578754625823,0.18,call,OTM,2025-12-26
284.67999267578125,205.0,0.08493150684931507,0.03732000112533569,0.2742176104409445,1.388682891101372,0.38,put,ITM,2025-12-26
284.67999267578125,250.0,0.08493150684931507,0.03732000112533569,0.2742176104409445,1.138719970703125,2.27,put,ITM,2025-12-26
284.67999267578125,255.0,0.08493150684931507,0.03732000112533569,0.2742176104409445,1.1163921281403186,3.25,put,ITM,2025-12-26
284.67999267578125,260.0,0.08493150684931507,0.03732000112533569,0.2742176104409445,1.0949230487530048,3.97,put,ITM,2025-12-26
284.67999267578125,265.0,0.08493150684931507,0.03732000112533569,0.2742176104409445,1.074264123304835,5.05,put,ITM,2025-12-26
284.67999267578125,270.0,0.08493150684931507,0.03732000112533569,0.2742176104409445,1.0543703432436342,6.0,put,ITM,2025-12-26
284.67999267578125,280.0,0.08493150684931507,0.03732000112533569,0.2742176104409445,1.0167142595563616,10.47,put,ATM,2025-12-26
284.67999267578125,290.0,0.08493150684931507,0.03732000112533569,0.2742176104409445,0.9816551471578664,14.55,put,ATM,2025-12-26
284.67999267578125,300.0,0.08493150684931507,0.03732000112533569,0.2742176104409445,0.9489333089192709,21.45,put,OTM,2025-12-26
284.67999267578125,245.0,0.10410958904109589,0.03732000112533569,0.2742176104409445,1.161959153778699,48.85,call,ITM,2026-01-02
284.67999267578125,275.0,0.10410958904109589,0.03732000112533569,0.2742176104409445,1.0351999733664772,17.5,call,ATM,2026-01-02
284.67999267578125,280.0,0.10410958904109589,0.03732000112533569,0.2742176104409445,1.0167142595563616,14.61,call,ATM,2026-01-02
284.67999267578125,285.0,0.10410958904109589,0.03732000112533569,0.2742176104409445,0.998877167283443,13.43,call,ATM,2026-01-02
284.67999267578125,295.0,0.10410958904109589,0.03732000112533569,0.2742176104409445,0.9650169243246822,8.0,call,ATM,2026-01-02
284.67999267578125,300.0,0.10410958904109589,0.03732000112533569,0.2742176104409445,0.9489333089192709,6.8,call,OTM,2026-01-02
284.67999267578125,305.0,0.10410958904109589,0.03732000112533569,0.2742176104409445,0.9333770251664959,5.15,call,OTM,2026-01-02
284.67999267578125,310.0,0.10410958904109589,0.03732000112533569,0.2742176104409445,0.9183225570186492,4.5,call,OTM,2026-01-02
284.67999267578125,315.0,0.10410958904109589,0.03732000112533569,0.2742176104409445,0.9037460084945437,3.15,call,OTM,2026-01-02
284.67999267578125,320.0,0.10410958904109589,0.03732000112533569,0.2742176104409445,0.8896249771118164,2.34,call,OTM,2026-01-02
284.67999267578125,330.0,0.10410958904109589,0.03732000112533569,0.2742176104409445,0.8626666444720644,1.42,call,OTM,2026-01-02
284.67999267578125,350.0,0.10410958904109589,0.03732000112533569,0.2742176104409445,0.8133714076450893,0.62,call,OTM,2026-01-02
284.67999267578125,235.0,0.10410958904109589,0.03732000112533569,0.2742176104409445,1.2114042241522607,1.86,put,ITM,2026-01-02
284.67999267578125,250.0,0.10410958904109589,0.03732000112533569,0.2742176104409445,1.138719970703125,2.85,put,ITM,2026-01-02
284.67999267578125,260.0,0.10410958904109589,0.03732000112533569,0.2742176104409445,1.0949230487530048,4.44,put,ITM,2026-01-02
284.67999267578125,100.0,0.14246575342465753,0.03732000112533569,0.2742176104409445,2.8467999267578126,181.95,call,ITM,2026-01-16
284.67999267578125,120.0,0.14246575342465753,0.03732000112533569,0.2742176104409445,2.372333272298177,161.75,call,ITM,2026-01-16
284.67999267578125,150.0,0.14246575342465753,0.03732000112533569,0.2742176104409445,1.8978666178385417,130.34,call,ITM,2026-01-16
284.67999267578125,165.0,0.14246575342465753,0.03732000112533569,0.2742176104409445,1.7253332889441289,118.65,call,ITM,2026-01-16
284.67999267578125,190.0,0.14246575342465753,0.03732000112533569,0.2742176104409445,1.4983157509251646,93.5,call,ITM,2026-01-16
284.67999267578125,200.0,0.14246575342465753,0.03732000112533569,0.2742176104409445,1.4233999633789063,85.0,call,ITM,2026-01-16
284.67999267578125,230.0,0.14246575342465753,0.03732000112533569,0.2742176104409445,1.2377390985903534,55.27,call,ITM,2026-01-16
284.67999267578125,250.0,0.14246575342465753,0.03732000112533569,0.2742176104409445,1.138719970703125,37.38,call,ITM,2026-01-16
284.67999267578125,260.0,0.14246575342465753,0.03732000112533569,0.2742176104409445,1.0949230487530048,32.66,call,ITM,2026-01-16
284.67999267578125,270.0,0.14246575342465753,0.03732000112533569,0.2742176104409445,1.0543703432436342,25.95,call,ITM,2026-01-16
284.67999267578125,280.0,0.14246575342465753,0.03732000112533569,0.2742176104409445,1.0167142595563616,20.3,call,ATM,2026-01-16
284.67999267578125,290.0,0.14246575342465753,0.03732000112533569,0.2742176104409445,0.9816551471578664,15.5,call,ATM,2026-01-16
284.67999267578125,300.0,0.14246575342465753,0.03732000112533569,0.2742176104409445,0.9489333089192709,11.48,call,OTM,2026-01-16
284.67999267578125,310.0,0.14246575342465753,0.03732000112533569,0.2742176104409445,0.9183225570186492,8.3,call,OTM,2026-01-16
284.67999267578125,320.0,0.14246575342465753,0.03732000112533569,0.2742176104409445,0.8896249771118164,6.01,call,OTM,2026-01-16
284.67999267578125,330.0,0.14246575342465753,0.03732000112533569,0.2742176104409445,0.8626666444720644,4.37,call,OTM,2026-01-16
284.67999267578125,340.0,0.14246575342465753,0.03732000112533569,0.2742176104409445,0.837294096105239,2.71,call,OTM,2026-01-16
284.67999267578125,350.0,0.14246575342465753,0.03732000112533569,0.2742176104409445,0.8133714076450893,2.35,call,OTM,2026-01-16
284.67999267578125,400.0,0.14246575342465753,0.03732000112533569,0.2742176104409445,0.7116999816894531,0.44,call,OTM,2026-01-16
284.67999267578125,60.0,0.14246575342465753,0.03732000112533569,0.2742176104409445,4.744666544596354,0.09,put,ITM,2026-01-16
284.67999267578125,85.0,0.14246575342465753,0.03732000112533569,0.2742176104409445,3.349176384420956,0.13,put,ITM,2026-01-16
284.67999267578125,120.0,0.14246575342465753,0.03732000112533569,0.2742176104409445,2.372333272298177,0.18,put,ITM,2026-01-16
284.67999267578125,125.0,0.14246575342465753,0.03732000112533569,0.2742176104409445,2.27743994140625,0.17,put,ITM,2026-01-16
284.67999267578125,150.0,0.14246575342465753,0.03732000112533569,0.2742176104409445,1.8978666178385417,0.25,put,ITM,2026-01-16
284.67999267578125,160.0,0.14246575342465753,0.03732000112533569,0.2742176104409445,1.7792499542236329,0.32,put,ITM,2026-01-16
284.67999267578125,175.0,0.14246575342465753,0.03732000112533569,0.2742176104409445,1.6267428152901786,0.4,put,ITM,2026-01-16
284.67999267578125,185.0,0.14246575342465753,0.03732000112533569,0.2742176104409445,1.5388107712204393,0.6,put,ITM,2026-01-16
284.67999267578125,190.0,0.14246575342465753,0.03732000112533569,0.2742176104409445,1.4983157509251646,0.62,put,ITM,2026-01-16
284.67999267578125,195.0,0.14246575342465753,0.03732000112533569,0.2742176104409445,1.4598973983373398,0.6,put,ITM,2026-01-16
284.67999267578125,200.0,0.14246575342465753,0.03732000112533569,0.2742176104409445,1.4233999633789063,0.78,put,ITM,2026-01-16
284.67999267578125,210.0,0.14246575342465753,0.03732000112533569,0.2742176104409445,1.3556190127418155,1.14,put,ITM,2026-01-16
284.67999267578125,230.0,0.14246575342465753,0.03732000112533569,0.2742176104409445,1.2377390985903534,2.2,put,ITM,2026-01-16
284.67999267578125,240.0,0.14246575342465753,0.03732000112533569,0.2742176104409445,1.1861666361490886,3.32,put,ITM,2026-01-16
284.67999267578125,250.0,0.14246575342465753,0.03732000112533569,0.2742176104409445,1.138719970703125,4.58,put,ITM,2026-01-16
284.67999267578125,260.0,0.14246575342465753,0.03732000112533569,0.2742176104409445,1.0949230487530048,6.73,put,ITM,2026-01-16
284.67999267578125,270.0,0.14246575342465753,0.03732000112533569,0.2742176104409445,1.0543703432436342,10.0,put,ITM,2026-01-16
284.67999267578125,280.0,0.14246575342465753,0.03732000112533569,0.2742176104409445,1.0167142595563616,14.55,put,ATM,2026-01-16
284.67999267578125,290.0,0.14246575342465753,0.03732000112533569,0.2742176104409445,0.9816551471578664,19.19,put,ATM,2026-01-16
284.67999267578125,300.0,0.14246575342465753,0.03732000112533569,0.2742176104409445,0.9489333089192709,25.2,put,OTM,2026-01-16
284.67999267578125,420.0,0.14246575342465753,0.03732000112533569,0.2742176104409445,0.6778095063709078,116.45,put,OTM,2026-01-16
284.67999267578125,250.0,0.23835616438356164,0.03732000112533569,0.2742176104409445,1.138719970703125,43.15,call,ITM,2026-02-20
284.67999267578125,270.0,0.23835616438356164,0.03732000112533569,0.2742176104409445,1.0543703432436342,29.54,call,ITM,2026-02-20
284.67999267578125,280.0,0.23835616438356164,0.03732000112533569,0.2742176104409445,1.0167142595563616,25.78,call,ATM,2026-02-20
284.67999267578125,290.0,0.23835616438356164,0.03732000112533569,0.2742176104409445,0.9816551471578664,21.1,call,ATM,2026-02-20
284.67999267578125,300.0,0.23835616438356164,0.03732000112533569,0.2742176104409445,0.9489333089192709,16.7,call,OTM,2026-02-20
284.67999267578125,310.0,0.23835616438356164,0.03732000112533569,0.2742176104409445,0.9183225570186492,13.3,call,OTM,2026-02-20
284.67999267578125,320.0,0.23835616438356164,0.03732000112533569,0.2742176104409445,0.8896249771118164,10.15,call,OTM,2026-02-20
284.67999267578125,330.0,0.23835616438356164,0.03732000112533569,0.2742176104409445,0.8626666444720644,7.25,call,OTM,2026-02-20
284.67999267578125,340.0,0.23835616438356164,0.03732000112533569,0.2742176104409445,0.837294096105239,6.17,call,OTM,2026-02-20
284.67999267578125,350.0,0.23835616438356164,0.03732000112533569,0.2742176104409445,0.8133714076450893,4.26,call,OTM,2026-02-20
284.67999267578125,360.0,0.23835616438356164,0.03732000112533569,0.2742176104409445,0.7907777574327257,3.28,call,OTM,2026-02-20
284.67999267578125,380.0,0.23835616438356164,0.03732000112533569,0.2742176104409445,0.7491578754625823,2.23,call,OTM,2026-02-20
284.67999267578125,450.0,0.23835616438356164,0.03732000112533569,0.2742176104409445,0.6326222059461806,0.5,call,OTM,2026-02-20
284.67999267578125,160.0,0.23835616438356164,0.03732000112533569,0.2742176104409445,1.7792499542236329,0.84,put,ITM,2026-02-20
284.67999267578125,165.0,0.23835616438356164,0.03732000112533569,0.2742176104409445,1.7253332889441289,0.63,put,ITM,2026-02-20
284.67999267578125,195.0,0.23835616438356164,0.03732000112533569,0.2742176104409445,1.4598973983373398,2.02,put,ITM,2026-02-20
284.67999267578125,200.0,0.23835616438356164,0.03732000112533569,0.2742176104409445,1.4233999633789063,1.67,put,ITM,2026-02-20
284.67999267578125,240.0,0.23835616438356164,0.03732000112533569,0.2742176104409445,1.1861666361490886,5.87,put,ITM,2026-02-20
284.67999267578125,250.0,0.23835616438356164,0.03732000112533569,0.2742176104409445,1.138719970703125,7.55,put,ITM,2026-02-20
284.67999267578125,260.0,0.23835616438356164,0.03732000112533569,0.2742176104409445,1.0949230487530048,10.93,put,ITM,2026-02-20
284.67999267578125,270.0,0.23835616438356164,0.03732000112533569,0.2742176104409445,1.0543703432436342,14.25,put,ITM,2026-02-20
284.67999267578125,280.0,0.23835616438356164,0.03732000112533569,0.2742176104409445,1.0167142595563616,18.95,put,ATM,2026-02-20
284.67999267578125,300.0,0.23835616438356164,0.03732000112533569,0.2742176104409445,0.9489333089192709,30.73,put,OTM,2026-02-20
284.67999267578125,310.0,0.23835616438356164,0.03732000112533569,0.2742176104409445,0.9183225570186492,36.3,put,OTM,2026-02-20
284.67999267578125,145.0,0.3150684931506849,0.03732000112533569,0.2742176104409445,1.9633102943157328,133.0,call,ITM,2026-03-20
284.67999267578125,150.0,0.3150684931506849,0.03732000112533569,0.2742176104409445,1.8978666178385417,123.0,call,ITM,2026-03-20
284.67999267578125,210.0,0.3150684931506849,0.03732000112533569,0.2742176104409445,1.3556190127418155,72.05,call,ITM,2026-03-20
284.67999267578125,220.0,0.3150684931506849,0.03732000112533569,0.2742176104409445,1.2939999667080966,68.28,call,ITM,2026-03-20
284.67999267578125,240.0,0.3150684931506849,0.03732000112533569,0.2742176104409445,1.1861666361490886,49.9,call,ITM,2026-03-20
284.67999267578125,250.0,0.3150684931506849,0.03732000112533569,0.2742176104409445,1.138719970703125,46.78,call,ITM,2026-03-20
284.67999267578125,260.0,0.3150684931506849,0.03732000112533569,0.2742176104409445,1.0949230487530048,39.15,call,ITM,2026-03-20
284.67999267578125,270.0,0.3150684931506849,0.03732000112533569,0.2742176104409445,1.0543703432436342,34.95,call,ITM,2026-03-20
284.67999267578125,280.0,0.3150684931506849,0.03732000112533569,0.2742176104409445,1.0167142595563616,29.52,call,ATM,2026-03-20
284.67999267578125,290.0,0.3150684931506849,0.03732000112533569,0.2742176104409445,0.9816551471578664,24.45,call,ATM,2026-03-20
284.67999267578125,300.0,0.3150684931506849,0.03732000112533569,0.2742176104409445,0.9489333089192709,20.75,call,OTM,2026-03-20
284.67999267578125,310.0,0.3150684931506849,0.03732000112533569,0.2742176104409445,0.9183225570186492,16.8,call,OTM,2026-03-20
284.67999267578125,320.0,0.3150684931506849,0.03732000112533569,0.2742176104409445,0.8896249771118164,13.25,call,OTM,2026-03-20
284.67999267578125,400.0,0.3150684931506849,0.03732000112533569,0.2742176104409445,0.7116999816894531,2.24,call,OTM,2026-03-20
284.67999267578125,70.0,0.3150684931506849,0.03732000112533569,0.2742176104409445,4.0668570382254465,0.09,put,ITM,2026-03-20
284.67999267578125,80.0,0.3150684931506849,0.03732000112533569,0.2742176104409445,3.5584999084472657,0.13,put,ITM,2026-03-20
284.67999267578125,85.0,0.3150684931506849,0.03732000112533569,0.2742176104409445,3.349176384420956,0.19,put,ITM,2026-03-20
284.67999267578125,90.0,0.3150684931506849,0.03732000112533569,0.2742176104409445,3.163111029730903,0.25,put,ITM,2026-03-20
284.67999267578125,120.0,0.3150684931506849,0.03732000112533569,0.2742176104409445,2.372333272298177,0.34,put,ITM,2026-03-20
284.67999267578125,145.0,0.3150684931506849,0.03732000112533569,0.2742176104409445,1.9633102943157328,0.93,put,ITM,2026-03-20
284.67999267578125,150.0,0.3150684931506849,0.03732000112533569,0.2742176104409445,1.8978666178385417,0.95,put,ITM,2026-03-20
284.67999267578125,175.0,0.3150684931506849,0.03732000112533569,0.2742176104409445,1.6267428152901786,1.85,put,ITM,2026-03-20
284.67999267578125,190.0,0.3150684931506849,0.03732000112533569,0.2742176104409445,1.4983157509251646,2.94,put,ITM,2026-03-20
284.67999267578125,210.0,0.3150684931506849,0.03732000112533569,0.2742176104409445,1.3556190127418155,3.36,put,ITM,2026-03-20
284.67999267578125,230.0,0.3150684931506849,0.03732000112533569,0.2742176104409445,1.2377390985903534,6.53,put,ITM,2026-03-20
284.67999267578125,240.0,0.3150684931506849,0.03732000112533569,0.2742176104409445,1.1861666361490886,7.85,put,ITM,2026-03-20
284.67999267578125,250.0,0.3150684931506849,0.03732000112533569,0.2742176104409445,1.138719970703125,10.36,put,ITM,2026-03-20
284.67999267578125,260.0,0.3150684931506849,0.03732000112533569,0.2742176104409445,1.0949230487530048,13.36,put,ITM,2026-03-20
284.67999267578125,270.0,0.3150684931506849,0.03732000112533569,0.2742176104409445,1.0543703432436342,17.55,put,ITM,2026-03-20
284.67999267578125,280.0,0.3150684931506849,0.03732000112533569,0.2742176104409445,1.0167142595563616,21.4,put,ATM,2026-03-20
284.67999267578125,270.0,0.3917808219178082,0.03732000112533569,0.2742176104409445,1.0543703432436342,35.75,call,ITM,2026-04-17
284.67999267578125,290.0,0.3917808219178082,0.03732000112533569,0.2742176104409445,0.9816551471578664,27.99,call,ATM,2026-04-17
284.67999267578125,310.0,0.3917808219178082,0.03732000112533569,0.2742176104409445,0.9183225570186492,19.85,call,OTM,2026-04-17
284.67999267578125,320.0,0.3917808219178082,0.03732000112533569,0.2742176104409445,0.8896249771118164,16.3,call,OTM,2026-04-17
284.67999267578125,340.0,0.3917808219178082,0.03732000112533569,0.2742176104409445,0.837294096105239,11.15,call,OTM,2026-04-17
284.67999267578125,350.0,0.3917808219178082,0.03732000112533569,0.2742176104409445,0.8133714076450893,9.3,call,OTM,2026-04-17
284.67999267578125,360.0,0.3917808219178082,0.03732000112533569,0.2742176104409445,0.7907777574327257,7.8,call,OTM,2026-04-17
284.67999267578125,370.0,0.3917808219178082,0.03732000112533569,0.2742176104409445,0.7694053856102196,6.55,call,OTM,2026-04-17
284.67999267578125,380.0,0.3917808219178082,0.03732000112533569,0.2742176104409445,0.7491578754625823,5.5,call,OTM,2026-04-17
284.67999267578125,120.0,0.3917808219178082,0.03732000112533569,0.2742176104409445,2.372333272298177,0.56,put,ITM,2026-04-17
284.67999267578125,150.0,0.3917808219178082,0.03732000112533569,0.2742176104409445,1.8978666178385417,1.0,put,ITM,2026-04-17
284.67999267578125,165.0,0.3917808219178082,0.03732000112533569,0.2742176104409445,1.7253332889441289,3.65,put,ITM,2026-04-17
284.67999267578125,200.0,0.3917808219178082,0.03732000112533569,0.2742176104409445,1.4233999633789063,3.7,put,ITM,2026-04-17
284.67999267578125,230.0,0.3917808219178082,0.03732000112533569,0.2742176104409445,1.2377390985903534,7.85,put,ITM,2026-04-17
284.67999267578125,240.0,0.3917808219178082,0.03732000112533569,0.2742176104409445,1.1861666361490886,11.0,put,ITM,2026-04-17
284.67999267578125,280.0,0.3917808219178082,0.03732000112533569,0.2742176104409445,1.0167142595563616,24.95,put,ATM,2026-04-17
284.67999267578125,330.0,0.3917808219178082,0.03732000112533569,0.2742176104409445,0.8626666444720644,49.25,put,OTM,2026-04-17
